<?xml version='1.0' ?><rss version='2.0'><city><title>city_id</title><name>names</name><county>county</county><description>decription</description><lat>lat</lat><lng>lng</lng><population>population</population><currency>currency</currency><tags>tags</tags><language>en-US</language><link>http://localhost/DSA-Assignment/myMap.php</link><item><title>2</title><name>Liverpool</name><county>Lancashire </county><description>Liverpool is a city and metropolitan borough in Merseyside, England. As of 2018. Liverpool is the ninth-largest English district by population, and the largest in Merseyside and the Liverpool City Region. It lies within the United Kingdom's sixth-most populous urban area. 

Liverpool is on the eastern side of the Mersey Estuary, and historically lay within the ancient hundred of West Derby in the southwest of the county of Lancashire in North West England. It became a borough in 1207 and a city in 1880. In 1889, it became a county borough independent of Lancashire. Its growth as a major port was paralleled by the expansion of the city throughout the Industrial Revolution. Along with handling general cargo, freight, and raw materials such as coal and cotton, the city merchants were involved in the Atlantic slave trade. In the 19th century, it was a major port of departure for English and Irish emigrants to North America. Liverpool was home to both the Cunard and White Star Line, and was the port of registry of the ocean liners RMS Titanic, RMS Lusitania, RMS Queen Mary, and RMS Olympic.</description><lat>53.4084</lat><lng>-2.9916</lng><population>494814</population><currency>GBP</currency><tags>#soccer</tags></item><item><title>1</title><name>Shanghai</name><county>Minhang District</county><description>Shanghai is one of the four municipalities of the People's Republic of China. It is located on the southern estuary of the Yangtze, and the Huangpu River flows through it. With a population of 24.2 million as of 2018, it is the most populous urban area in China and the second most populous city proper in the world. Shanghai is a global center for finance, innovation, and transportation, and the Port of Shanghai is the world's busiest container port.

Originally a fishing village and market town, Shanghai grew in importance in the 19th century due to trade and its favorable port location. The city was one of five treaty ports forced open to foreign trade after the First Opium War. The Shanghai International Settlement and the French Concession were subsequently established. The city then flourished, becoming a primary commercial and financial hub of the Asia-Pacific region in the 1930s. During the Second Sino-Japanese War, the city was the site of the major Battle of Shanghai. After the war, with the CPC takeover of mainland China in 1949, trade was limited to other socialist countries, and the city's global influence declined.</description><lat>31.2304</lat><lng>121.474</lng><population>24240000</population><currency>CNY</currency><tags>#wow</tags></item></city><category><title>cat_id</title><name>name</name><language>en-US</language><link>http://localhost/DSA-Assignment/myMap.php</link><item><title>9</title><name>Road</name></item><item><title>8</title><name>Garden</name></item><item><title>7</title><name>Town</name></item><item><title>6</title><name>Waterfront</name></item><item><title>5</title><name>Cathedral</name></item><item><title>4</title><name>Transport Museum</name></item><item><title>3</title><name>Park</name></item><item><title>2</title><name>Football Club</name></item><item><title>1</title><name>Museum</name></item></category><category_poi><cat_id_fk>cat_id_fk</cat_id_fk><poi_id_fk>poi_id_fk</poi_id_fk><language>en-US</language><link>http://localhost/DSA-Assignment/myMap.php</link><item><cat_id_fk>9</cat_id_fk><poi_id_fk>11</poi_id_fk></item><item><cat_id_fk>8</cat_id_fk><poi_id_fk>10</poi_id_fk></item><item><cat_id_fk>7</cat_id_fk><poi_id_fk>9</poi_id_fk></item><item><cat_id_fk>6</cat_id_fk><poi_id_fk>7</poi_id_fk></item><item><cat_id_fk>5</cat_id_fk><poi_id_fk>5</poi_id_fk></item><item><cat_id_fk>3</cat_id_fk><poi_id_fk>3</poi_id_fk></item><item><cat_id_fk>2</cat_id_fk><poi_id_fk>12</poi_id_fk></item><item><cat_id_fk>2</cat_id_fk><poi_id_fk>2</poi_id_fk></item><item><cat_id_fk>1</cat_id_fk><poi_id_fk>8</poi_id_fk></item><item><cat_id_fk>1</cat_id_fk><poi_id_fk>6</poi_id_fk></item><item><cat_id_fk>1</cat_id_fk><poi_id_fk>4</poi_id_fk></item><item><cat_id_fk>1</cat_id_fk><poi_id_fk>1</poi_id_fk></item></category_poi><images><city_id_fk>city_id_fk</city_id_fk><image_id>image_id</image_id><title>title</title><file>file</file><poi_id_fk>poi_id_fk</poi_id_fk><language>en-US</language><link>http://localhost/DSA-Assignment/myMap.php</link><item><city_id_fk>2</city_id_fk><image_id>1</image_id><title>Liverpool Cathedral 1</title><poi_id_fk>5</poi_id_fk></item><item><city_id_fk>2</city_id_fk><image_id>2</image_id><title>Liverpool Cathedral 2</title><poi_id_fk>5</poi_id_fk></item><item><city_id_fk>2</city_id_fk><image_id>3</image_id><title>Liverpool Cathedral 3</title><poi_id_fk>5</poi_id_fk></item><item><city_id_fk>2</city_id_fk><image_id>4</image_id><title>Liverpool Football Club 1</title><poi_id_fk>2</poi_id_fk></item><item><city_id_fk>2</city_id_fk><image_id>5</image_id><title>Liverpool Football Club 2</title><poi_id_fk>2</poi_id_fk></item><item><city_id_fk>2</city_id_fk><image_id>6</image_id><title>Liverpool Football Club 3</title><poi_id_fk>2</poi_id_fk></item><item><city_id_fk>2</city_id_fk><image_id>16</image_id><title>Sefton Park 1</title><poi_id_fk>3</poi_id_fk></item><item><city_id_fk>2</city_id_fk><image_id>17</image_id><title>Sefton Park 2</title><poi_id_fk>3</poi_id_fk></item><item><city_id_fk>2</city_id_fk><image_id>18</image_id><title>Sefton Park 3</title><poi_id_fk>3</poi_id_fk></item><item><city_id_fk>2</city_id_fk><image_id>24</image_id><title>The Beatles Story Exhibition 1</title><poi_id_fk>6</poi_id_fk></item><item><city_id_fk>2</city_id_fk><image_id>27</image_id><title>The Beatles Story Exhibition 3</title><poi_id_fk>6</poi_id_fk></item><item><city_id_fk>2</city_id_fk><image_id>31</image_id><title>Wirral Transport Museum Heritage Tramway 1</title><poi_id_fk>4</poi_id_fk></item><item><city_id_fk>2</city_id_fk><image_id>32</image_id><title>Wirral Transport Museum Heritage Tramway 2</title><poi_id_fk>4</poi_id_fk></item><item><city_id_fk>2</city_id_fk><image_id>33</image_id><title>Wirral Transport Museum Heritage Tramway 3</title><poi_id_fk>4</poi_id_fk></item><item><city_id_fk>2</city_id_fk><image_id>34</image_id><title>World Museum 1</title><poi_id_fk>1</poi_id_fk></item><item><city_id_fk>2</city_id_fk><image_id>35</image_id><title>World Museum 2</title><poi_id_fk>1</poi_id_fk></item><item><city_id_fk>2</city_id_fk><image_id>36</image_id><title>World Museum 3</title><poi_id_fk>1</poi_id_fk></item><item><city_id_fk>1</city_id_fk><image_id>7</image_id><title>Nanjing Road 1</title><poi_id_fk>11</poi_id_fk></item><item><city_id_fk>1</city_id_fk><image_id>8</image_id><title>Nanjing Road 2</title><poi_id_fk>11</poi_id_fk></item><item><city_id_fk>1</city_id_fk><image_id>9</image_id><title>Nanjing Road 3</title><poi_id_fk>11</poi_id_fk></item><item><city_id_fk>1</city_id_fk><image_id>10</image_id><title>Propaganda Poster Art Centre 1</title><poi_id_fk>8</poi_id_fk></item><item><city_id_fk>1</city_id_fk><image_id>11</image_id><title>Propaganda Poster Art Centre 2</title><poi_id_fk>8</poi_id_fk></item><item><city_id_fk>1</city_id_fk><image_id>12</image_id><title>Propaganda Poster Art Centre 3</title><poi_id_fk>8</poi_id_fk></item><item><city_id_fk>1</city_id_fk><image_id>13</image_id><title>Qibao 1</title><poi_id_fk>9</poi_id_fk></item><item><city_id_fk>1</city_id_fk><image_id>14</image_id><title>Qibao 2</title><poi_id_fk>9</poi_id_fk></item><item><city_id_fk>1</city_id_fk><image_id>15</image_id><title>Qibao 3</title><poi_id_fk>9</poi_id_fk></item><item><city_id_fk>1</city_id_fk><image_id>19</image_id><title>Shanghai SIPG F.C. 1</title><poi_id_fk>12</poi_id_fk></item><item><city_id_fk>1</city_id_fk><image_id>20</image_id><title>Shanghai SIPG F.C. 2</title><poi_id_fk>12</poi_id_fk></item><item><city_id_fk>1</city_id_fk><image_id>23</image_id><title>Shanghai SIPG F.C. 3</title><poi_id_fk>12</poi_id_fk></item><item><city_id_fk>1</city_id_fk><image_id>25</image_id><title>The Beatles Story Exhibition 2</title><poi_id_fk>6</poi_id_fk></item><item><city_id_fk>1</city_id_fk><image_id>26</image_id><title>The Beatles Story Exhibition 3</title><poi_id_fk>6</poi_id_fk></item><item><city_id_fk>1</city_id_fk><image_id>28</image_id><title>The Bund 1</title><poi_id_fk>7</poi_id_fk></item><item><city_id_fk>1</city_id_fk><image_id>29</image_id><title>The Bund 2</title><poi_id_fk>7</poi_id_fk></item><item><city_id_fk>1</city_id_fk><image_id>30</image_id><title>The Bund 3</title><poi_id_fk>7</poi_id_fk></item><item><city_id_fk>1</city_id_fk><image_id>38</image_id><title>Yu Garden 1</title><poi_id_fk>10</poi_id_fk></item><item><city_id_fk>1</city_id_fk><image_id>39</image_id><title>Yu Garden 2</title><poi_id_fk>10</poi_id_fk></item><item><city_id_fk>1</city_id_fk><image_id>40</image_id><title>Yu Garden 3</title><poi_id_fk>10</poi_id_fk></item></images><poi><city_id_fk>city_id_fk</city_id_fk><poi_id>poi_id</poi_id><name>name</name><lat>lat</lat><lng>lng</lng><description>description</description><tags>tags</tags><language>en-US</language><link>http://localhost/DSA-Assignment/myMap.php</link><item><city_id_fk>2</city_id_fk><poi_id>1</poi_id><name>World Museum</name><lat>53.41</lat><lng>-2.98132</lng><description>A large museum containing extensive collections covering archaeology, ethnology and the natural and physical sciences. Special attractions include the Natural History Centre and a planetarium. The museum is part of National Museums Liverpool </description><tags>#WorldMuseum #NationalMuseumsofLiverpool #LiverpoolMuseum #MuseumofLiverpool</tags></item><item><city_id_fk>2</city_id_fk><poi_id>2</poi_id><name>Liverpool Football Club</name><lat>53.4308</lat><lng>-2.9608</lng><description>A professional football club in Liverpool that competes in the Premier League, the top tier of English football. </description><tags>#Anfield #LFC #AnfieldLFC #AnfieldRoad #TheKop #LiverpoolFC #TheReds #Redmen</tags></item><item><city_id_fk>2</city_id_fk><poi_id>3</poi_id><name>Sefton Park</name><lat>53.3831</lat><lng>-2.9332</lng><description>A public park in south Liverpool in a district of the same name and located roughly within the historic bounds of the large area of Toxteth Park. The park is 235 acres in area and designated by the English Heritage.</description><tags>#Sefton #SeftonPark</tags></item><item><city_id_fk>2</city_id_fk><poi_id>4</poi_id><name>Wirral Transport Museum and Heritage Tramway</name><lat>53.3961</lat><lng>-3.0192</lng><description>A vintage tram service links the museum and the ferry at certain times. Admission into the museum is free with a broad selection of vintage and classic vehicles, including trams, buses, cars, motorcycles, mopeds, bikes, and a fire engine.</description><tags>#trams #art #old #Wirral Transport Museum</tags></item><item><city_id_fk>2</city_id_fk><poi_id>5</poi_id><name>Liverpool Cathedral</name><lat>53.3975</lat><lng>-2.9733</lng><description>Church of England Cathedral built on St James Mount and is the seat of the Bishop of Liverpool. 5th largest in Europe. The cathedral is free to enter and is a world-class visitor attraction with a full programme of events.  </description><tags>#LiverpoolCathedral #StJamesMount #LiverpoolAnglicanCathedral</tags></item><item><city_id_fk>2</city_id_fk><poi_id>6</poi_id><name>The Beatles Story Exhibition</name><lat>53.399</lat><lng>-2.992</lng><description>This award-winning attraction tells the story of  The Beatles and their history.  It is located on the historical Albert Dock. The Beatles Story was opened on 1 May 1990.</description><tags>#TheBeatles #BeatlesStory #TheBeatlesStoryExhibition #BeatlesStoryExhibition</tags></item><item><city_id_fk>1</city_id_fk><poi_id>7</poi_id><name>The Bund</name><lat>31.2403</lat><lng>121.491</lng><description>The Bund or Waitan is a waterfront area in central Shanghai. The area centers on a section of Zhongshan Road within the former Shanghai International Settlement, which runs along the western bank of the Huangpu River.</description><tags>#Bund #TheBund #BundWaterfront </tags></item><item><city_id_fk>1</city_id_fk><poi_id>8</poi_id><name>Propaganda Poster Art Centre</name><lat>31.2121</lat><lng>121.438</lng><description>The Propaganda Poster Art Centre is a museum located in Shanghai which exhibits posters from the Maoist period of communist China, especially from the Cultural Revolution period. </description><tags>#PropagandaArts #PropagandaArtCentre #PropagandaCentre</tags></item><item><city_id_fk>1</city_id_fk><poi_id>9</poi_id><name>Qibao</name><lat>31.1577</lat><lng>121.351</lng><description>Qibao is a water town in Shanghais Minhang District. Two broad waterways, lined with houses and gardens, run through the town center. Qibao Temple has an elaborate pagoda. </description><tags>#Qibao #QibaoShanghai #QibaoWatertown</tags></item><item><city_id_fk>1</city_id_fk><poi_id>10</poi_id><name>Yu Garden</name><lat>31.2272</lat><lng>121.492</lng><description>Yu Garden or Yuyuan Garden is an extensive Chinese garden located beside the City God Temple</description><tags>#YuGarden #YuGardens #YuGardenShanghai</tags></item><item><city_id_fk>1</city_id_fk><poi_id>11</poi_id><name>Nanjing Road</name><lat>31.2348</lat><lng>121.475</lng><description>Nanjing Road is a road in Shanghai. The eastern part of Nanjing Road is the main shopping streets of Shanghai, China, and is one of the world's busiest shopping streets along with Bukit Bintang. </description><tags>#Nanjing #NanjingRoad #NanjingShanghai #NanjingJiangsu</tags></item><item><city_id_fk>1</city_id_fk><poi_id>12</poi_id><name>Shanghai SIPG F.C.</name><lat>31.1815</lat><lng>121.438</lng><description>Shanghai SIPG F.C. or SIPG FC is a professional football club that participates in the Chinese Super League under licence from the Chinese Football Association. The team is based in Xuhui, Shanghai, and their home stadium is the Shanghai Stadium.</description><tags>#ShanghaiFC #ShanghaiSIPGFC #SIPGFC #ShanghaiFootball</tags></item></poi></rss>